id,first_name,last_name,email,gender,ip_address
1,Berna,Rumgay,brumgay0@rediff.com,Female,123.35.136.95
2,Aharon,Denver,adenver1@macromedia.com,Male,29.88.96.170
3,Pinchas,Bewshire,pbewshire2@cloudflare.com,Male,233.24.9.3
4,Bel,Juett,bjuett3@weebly.com,Female,161.122.54.236
5,Boothe,Santori,bsantori4@upenn.edu,Male,219.246.16.46
6,Mile,Wasiela,mwasiela5@last.fm,Male,87.141.232.76
7,Hallie,Kildale,hkildale6@shutterfly.com,Female,236.253.253.11
8,Hobart,Guilaem,hguilaem7@com.com,Male,114.97.225.64
9,Jason,Florez,jflorez8@sitemeter.com,Male,50.233.104.112
10,Vivien,Unwins,vunwins9@addthis.com,Female,228.112.150.68
11,Lynna,Fearnside,lfearnsidea@naver.com,Female,156.96.213.128
12,Julius,Dabel,jdabelb@wufoo.com,Male,136.79.80.169
13,Spenser,Comport,scomportc@fc2.com,Male,237.72.23.117
14,Sabrina,Klaff,sklaffd@springer.com,Non-binary,50.150.137.166
15,Patten,Wooffitt,pwooffitte@fotki.com,Male,109.154.0.178
16,Pascale,Kidson,pkidsonf@loc.gov,Male,54.71.245.191
17,Carny,Gerrett,cgerrettg@reuters.com,Male,232.2.123.101
18,Brodie,Billingsly,bbillingslyh@about.me,Male,81.128.58.119
19,Carla,Mattam,cmattami@com.com,Female,111.151.23.34
20,Abrahan,Takkos,atakkosj@mapy.cz,Male,132.249.44.242
21,Daron,Farris,dfarrisk@addthis.com,Female,21.128.190.27
22,Kathlin,Paxton,kpaxtonl@time.com,Female,218.69.167.205
23,Jory,Haslam,jhaslamm@domainmarket.com,Male,114.130.248.149
24,Anna-diana,Bartolommeo,abartolommeon@cocolog-nifty.com,Female,154.13.42.243
25,Ty,Oakenfall,toakenfallo@odnoklassniki.ru,Male,57.229.34.191
26,Chantalle,Gaiford,cgaifordp@indiegogo.com,Female,147.8.98.81
27,Joshia,Forstall,jforstallq@gov.uk,Male,157.135.141.122
28,Adorne,Jagielski,ajagielskir@salon.com,Female,213.14.245.57
29,Hewitt,Swinnard,hswinnards@canalblog.com,Bigender,47.122.211.172
30,Sapphire,Petera,speterat@infoseek.co.jp,Polygender,249.227.49.176
31,Nikaniki,Baldree,nbaldreeu@tmall.com,Female,188.210.10.143
32,Jaquelyn,Salmon,jsalmonv@cnn.com,Female,208.101.129.29
33,Munroe,Bevan,mbevanw@theguardian.com,Male,220.196.115.43
34,Rochelle,Gopsall,rgopsallx@mail.ru,Female,205.141.168.154
35,Ebonee,Archambault,earchambaulty@house.gov,Female,5.218.92.254
36,Letitia,Stirgess,lstirgessz@xrea.com,Female,27.60.178.38
37,Ricoriki,Adan,radan10@diigo.com,Male,80.32.16.40
38,Iona,Goullee,igoullee11@ed.gov,Female,181.127.175.56
39,Ardisj,Rappoport,arappoport12@cbslocal.com,Female,177.29.151.188
40,Ugo,Meachen,umeachen13@etsy.com,Male,92.33.151.14
41,Korey,Caulcutt,kcaulcutt14@wisc.edu,Male,13.1.60.186
42,Blinni,Deluca,bdeluca15@reference.com,Female,67.239.48.178
43,Katha,McGilleghole,kmcgilleghole16@theguardian.com,Female,251.9.238.235
44,Inglis,Teasey,iteasey17@barnesandnoble.com,Bigender,38.71.224.223
45,Porty,Jephcott,pjephcott18@ustream.tv,Male,96.132.2.253
46,Zora,Rickersy,zrickersy19@php.net,Female,207.163.48.90
47,Florida,Eby,feby1a@typepad.com,Female,41.7.93.78
48,Reeva,Piccard,rpiccard1b@yellowbook.com,Female,187.84.73.251
49,Karrie,Newbatt,knewbatt1c@clickbank.net,Female,27.235.65.53
50,Herc,Cumpsty,hcumpsty1d@cmu.edu,Genderqueer,13.130.5.20
51,Ardella,Pasek,apasek1e@slashdot.org,Female,46.76.214.62
52,Dotty,Vallentin,dvallentin1f@google.ru,Female,128.89.227.99
53,Barris,Jouanet,bjouanet1g@ihg.com,Male,133.68.3.209
54,Cariotta,Bolstridge,cbolstridge1h@qq.com,Female,98.89.38.25
55,Michele,Inchbald,minchbald1i@ucsd.edu,Male,211.59.99.121
56,Oralia,Colleymore,ocolleymore1j@gizmodo.com,Genderqueer,226.86.88.210
57,Darline,Chipperfield,dchipperfield1k@furl.net,Female,125.156.223.210
58,Agnese,Moth,amoth1l@icq.com,Female,15.199.205.200
59,Bobette,Keggins,bkeggins1m@prlog.org,Female,224.222.61.226
60,Tedman,Dunbavin,tdunbavin1n@geocities.jp,Male,55.45.184.227
61,Alister,Gehrels,agehrels1o@tamu.edu,Genderqueer,246.143.145.250
62,Katharina,Warre,kwarre1p@uiuc.edu,Female,160.52.182.225
63,Rufus,Ormesher,rormesher1q@i2i.jp,Male,146.229.26.153
64,Darsie,Jedras,djedras1r@storify.com,Female,207.215.165.152
65,Osbourn,Middell,omiddell1s@netlog.com,Male,222.49.39.163
66,Belvia,Faires,bfaires1t@geocities.com,Non-binary,125.156.244.235
67,Mordecai,Gilliard,mgilliard1u@wordpress.org,Male,248.178.56.176
68,Cris,Spurway,cspurway1v@addtoany.com,Genderqueer,38.195.42.19
69,Bax,Peaddie,bpeaddie1w@forbes.com,Male,59.92.136.155
70,Jade,Cominello,jcominello1x@indiegogo.com,Female,44.145.12.132
71,Debby,Dall,ddall1y@elegantthemes.com,Female,78.162.142.18
72,Jarvis,Welbeck,jwelbeck1z@amazon.co.jp,Male,117.218.45.209
73,Myrvyn,Broomhall,mbroomhall20@msn.com,Male,215.122.30.160
74,Gerhardine,Pulsford,gpulsford21@canalblog.com,Female,226.28.52.225
75,Lynett,Kleinplac,lkleinplac22@t.co,Female,243.106.113.214
76,Birk,Leist,bleist23@state.tx.us,Male,68.154.191.16
77,Heidie,Phare,hphare24@state.tx.us,Female,152.169.170.78
78,Emelda,Dibble,edibble25@salon.com,Female,171.11.124.64
79,Duane,Grewar,dgrewar26@newyorker.com,Male,187.86.139.215
80,Eudora,Bilovus,ebilovus27@ustream.tv,Female,106.6.157.135
81,Brenna,Iacovielli,biacovielli28@nationalgeographic.com,Female,225.20.62.103
82,Virgilio,Ruthen,vruthen29@tripod.com,Male,186.187.154.54
83,Cari,Janway,cjanway2a@senate.gov,Female,156.119.154.172
84,Tasha,Luckings,tluckings2b@who.int,Genderfluid,36.178.68.113
85,Gerta,Petrosian,gpetrosian2c@ucsd.edu,Female,78.226.125.31
86,Joan,Perryman,jperryman2d@mapquest.com,Female,150.3.11.249
87,Ninette,Krikorian,nkrikorian2e@google.it,Female,245.122.178.129
88,Ann-marie,Chidzoy,achidzoy2f@apache.org,Female,10.227.169.107
89,Maurice,Staniforth,mstaniforth2g@phoca.cz,Male,39.11.234.163
90,Filbert,McBrearty,fmcbrearty2h@1688.com,Male,146.141.221.104
91,Darbie,Braxay,dbraxay2i@bluehost.com,Female,167.199.125.36
92,Hort,Lumpkin,hlumpkin2j@altervista.org,Bigender,7.12.242.188
93,Lucky,Woolway,lwoolway2k@bloomberg.com,Female,255.206.190.21
94,Robinette,Lawland,rlawland2l@smh.com.au,Female,119.167.64.237
95,Lida,Alflatt,lalflatt2m@last.fm,Female,164.255.135.136
96,Ailis,Moan,amoan2n@hexun.com,Female,106.208.174.149
97,Roze,Koenraad,rkoenraad2o@booking.com,Female,203.82.84.182
98,Nicki,Huie,nhuie2p@twitter.com,Female,8.206.72.104
99,Murdoch,Catlin,mcatlin2q@amazon.de,Male,77.62.137.124
100,Ganny,Burren,gburren2r@ft.com,Male,12.241.243.230
101,Goober,McAteer,gmcateer2s@wix.com,Male,184.144.88.188
102,Keslie,Yanele,kyanele2t@nifty.com,Female,253.33.106.64
103,Calley,Chue,cchue2u@nationalgeographic.com,Female,185.24.215.147
104,Kassia,Doornbos,kdoornbos2v@merriam-webster.com,Female,230.143.137.32
105,Jeanne,Chotty,jchotty2w@sciencedaily.com,Female,233.66.233.80
106,Mikel,Hounsom,mhounsom2x@youku.com,Male,1.100.223.167
107,Meredithe,Layburn,mlayburn2y@mapy.cz,Female,75.197.122.251
108,Millisent,Linnett,mlinnett2z@newyorker.com,Female,99.28.23.62
109,Lennard,Willimot,lwillimot30@economist.com,Male,162.142.190.147
110,Cally,Matas,cmatas31@drupal.org,Female,32.33.255.231
111,Stesha,Poulston,spoulston32@aol.com,Female,212.25.110.242
112,Eugenius,Orpwood,eorpwood33@arizona.edu,Male,190.183.211.206
113,Jermaine,Truesdale,jtruesdale34@huffingtonpost.com,Male,130.187.100.162
114,Derk,Ebsworth,debsworth35@slideshare.net,Male,107.12.157.52
115,Koenraad,Vasyutkin,kvasyutkin36@altervista.org,Male,37.208.108.106
116,Tadio,Glackin,tglackin37@over-blog.com,Male,101.85.0.244
117,Michele,Wightman,mwightman38@friendfeed.com,Female,216.159.226.122
118,Kelley,Simonard,ksimonard39@mail.ru,Female,20.234.59.140
119,Sioux,Hillitt,shillitt3a@mozilla.com,Female,122.19.100.142
120,Genevra,Farnon,gfarnon3b@indiegogo.com,Female,35.238.124.246
121,Dietrich,Salatino,dsalatino3c@t-online.de,Male,223.71.45.106
122,Enrichetta,Gyurko,egyurko3d@sciencedirect.com,Female,27.188.80.228
123,Aldwin,Kinrade,akinrade3e@facebook.com,Male,164.26.204.112
124,Tobe,Fedoronko,tfedoronko3f@businessinsider.com,Male,224.64.16.51
125,Wilone,Passmore,wpassmore3g@wiley.com,Female,163.140.131.191
126,Rosy,MacAne,rmacane3h@spiegel.de,Female,236.50.150.130
127,Dulce,Hazard,dhazard3i@cbslocal.com,Female,8.234.197.88
128,Catharine,McCraine,cmccraine3j@ning.com,Female,29.102.194.195
129,Fredrika,Colliard,fcolliard3k@cargocollective.com,Female,40.139.225.60
130,Avivah,Faherty,afaherty3l@skyrock.com,Female,252.32.36.44
131,Ramon,Brodley,rbrodley3m@umich.edu,Male,41.181.103.238
132,Dotti,Duns,dduns3n@last.fm,Female,231.200.176.48
133,Bendick,Gallardo,bgallardo3o@google.es,Male,135.1.248.122
134,Devin,Bogart,dbogart3p@mysql.com,Male,146.135.108.47
135,Concettina,Ast,cast3q@mapquest.com,Female,34.183.252.196
136,Adair,Wrathall,awrathall3r@eventbrite.com,Male,179.202.177.245
137,Giffard,Toppas,gtoppas3s@marriott.com,Male,13.218.72.236
138,Carolynn,Boak,cboak3t@hud.gov,Female,47.233.81.47
139,Harrietta,Pleaden,hpleaden3u@whitehouse.gov,Female,55.125.169.234
140,Marie-jeanne,Bunney,mbunney3v@cloudflare.com,Female,240.215.48.22
141,Lane,Hamflett,lhamflett3w@xinhuanet.com,Male,185.238.51.159
142,Zack,Cominello,zcominello3x@shinystat.com,Male,39.170.93.107
143,Quillan,Soan,qsoan3y@aol.com,Male,60.125.157.69
144,Beilul,Crapper,bcrapper3z@google.co.jp,Female,9.248.243.229
145,Wallie,Schout,wschout40@dyndns.org,Female,13.225.91.28
146,Valli,Dehm,vdehm41@yale.edu,Female,47.78.191.251
147,Anthea,Edmons,aedmons42@salon.com,Female,249.54.7.142
148,Sanford,Tottle,stottle43@moonfruit.com,Male,68.42.34.203
149,Sayers,Habens,shabens44@purevolume.com,Male,46.42.58.3
150,Theo,White,twhite45@google.ca,Male,100.79.240.209
151,Barbara-anne,Guilloton,bguilloton46@scientificamerican.com,Non-binary,34.68.80.228
152,Allyce,Ffrench,affrench47@usnews.com,Female,33.163.42.187
153,Jeffie,Jozaitis,jjozaitis48@dyndns.org,Male,129.248.154.81
154,Cyrus,Fallis,cfallis49@topsy.com,Male,211.62.148.169
155,Jeromy,Pietrzyk,jpietrzyk4a@altervista.org,Non-binary,217.152.157.169
156,Jane,Wildes,jwildes4b@themeforest.net,Non-binary,46.58.103.40
157,Perla,Pickett,ppickett4c@answers.com,Female,133.98.162.28
158,Dag,Vannoort,dvannoort4d@addthis.com,Male,155.32.21.207
159,Hyacintha,Lazonby,hlazonby4e@chicagotribune.com,Female,190.136.97.143
160,Desdemona,Danielut,ddanielut4f@utexas.edu,Female,180.33.84.48
161,Wynn,Leonida,wleonida4g@nps.gov,Male,249.221.205.32
162,Kore,Loosley,kloosley4h@time.com,Female,219.66.198.110
163,Bord,Rudkin,brudkin4i@youku.com,Male,138.118.100.103
164,Lance,Phillips,lphillips4j@icio.us,Male,221.217.105.194
165,Tommy,Goble,tgoble4k@si.edu,Male,200.205.129.128
166,Camellia,Proctor,cproctor4l@craigslist.org,Female,77.23.205.189
167,Amandie,Kedwell,akedwell4m@blog.com,Female,210.29.241.250
168,Farrell,Kennefick,fkennefick4n@surveymonkey.com,Male,36.154.85.158
169,Gilda,Harcarse,gharcarse4o@google.com.hk,Female,133.188.123.1
170,Crista,Fortun,cfortun4p@over-blog.com,Female,12.194.130.115
171,Thacher,Reeveley,treeveley4q@amazon.com,Male,36.213.53.30
172,Adrea,Brunnstein,abrunnstein4r@imgur.com,Female,132.228.153.190
173,Helena,Doig,hdoig4s@slashdot.org,Female,36.135.94.210
174,Briggs,Alanbrooke,balanbrooke4t@nature.com,Male,138.62.45.174
175,Christel,Probbing,cprobbing4u@histats.com,Female,106.244.211.29
176,Joshia,Gogerty,jgogerty4v@github.io,Male,61.65.58.236
177,Peadar,Johl,pjohl4w@pinterest.com,Male,250.33.21.47
178,Karney,Sibery,ksibery4x@yahoo.co.jp,Male,30.5.223.186
179,Griff,O'Giany,gogiany4y@hao123.com,Male,66.132.165.250
180,Celene,Lomb,clomb4z@list-manage.com,Female,91.37.226.248
181,Yolane,Hedingham,yhedingham50@addthis.com,Female,11.39.21.201
182,Hyacinthie,Dyball,hdyball51@google.de,Female,241.14.208.229
183,Miles,Anton,manton52@yale.edu,Male,164.105.8.37
184,Javier,Salvador,jsalvador53@cam.ac.uk,Male,239.217.211.216
185,Farrell,Haggie,fhaggie54@weebly.com,Male,150.145.9.133
186,Jodi,Kilshaw,jkilshaw55@technorati.com,Genderqueer,174.214.84.113
187,Aarika,Bimson,abimson56@tumblr.com,Female,171.116.122.94
188,Candace,Fist,cfist57@tiny.cc,Female,13.150.5.47
189,Courtenay,Petrik,cpetrik58@furl.net,Female,115.74.23.144
190,Carce,Possel,cpossel59@mozilla.org,Male,168.243.159.97
191,Elsy,Drew,edrew5a@salon.com,Genderqueer,31.3.125.193
192,Audy,Keyse,akeyse5b@oaic.gov.au,Female,254.105.255.70
193,Nancey,Heinig,nheinig5c@blogger.com,Female,151.254.74.43
194,Pearline,Hutchcraft,phutchcraft5d@moonfruit.com,Female,180.208.83.53
195,Leanora,Elies,lelies5e@wp.com,Female,41.236.183.33
196,Sanders,Flatt,sflatt5f@scientificamerican.com,Male,31.135.246.154
197,Daniel,Drake,ddrake5g@trellian.com,Male,222.140.250.86
198,Roobbie,Kyngdon,rkyngdon5h@aboutads.info,Female,143.51.18.143
199,Desiree,MacPaike,dmacpaike5i@blogtalkradio.com,Female,150.10.111.136
200,Bart,Caunt,bcaunt5j@accuweather.com,Male,165.141.53.91
201,Jason,Careswell,jcareswell5k@ft.com,Male,44.168.61.38
202,Sula,Spancock,sspancock5l@yahoo.com,Female,71.165.138.151
203,Isiahi,Bazylets,ibazylets5m@timesonline.co.uk,Male,123.252.119.14
204,Michele,Toms,mtoms5n@digg.com,Male,146.126.228.246
205,Durante,Mutter,dmutter5o@adobe.com,Male,238.65.124.31
206,Marney,Dudny,mdudny5p@wikia.com,Female,83.182.184.86
207,Tera,Boles,tboles5q@wordpress.com,Female,166.71.186.146
208,Langston,Gayden,lgayden5r@yellowbook.com,Male,121.157.119.240
209,Letitia,Howford,lhowford5s@mozilla.com,Female,151.80.74.155
210,Shari,Demer,sdemer5t@flickr.com,Female,190.54.64.66
211,Westley,Sibbs,wsibbs5u@senate.gov,Male,190.128.115.92
212,Wenda,Jerdein,wjerdein5v@eepurl.com,Female,217.66.45.167
213,Sadella,Allday,sallday5w@ted.com,Female,124.244.20.19
214,Brigitta,Hulatt,bhulatt5x@meetup.com,Female,234.131.248.183
215,Cleo,Bett,cbett5y@pagesperso-orange.fr,Female,242.147.151.122
216,Candy,Croci,ccroci5z@unicef.org,Genderfluid,158.75.96.203
217,Imogen,Altimas,ialtimas60@jalbum.net,Bigender,70.89.100.57
218,Mylo,Rogeon,mrogeon61@cnet.com,Male,168.54.156.107
219,Leland,Loughlin,lloughlin62@cornell.edu,Female,17.249.0.185
220,Bran,Steade,bsteade63@nba.com,Male,22.26.96.112
221,Rennie,Moorerud,rmoorerud64@about.me,Female,168.210.59.183
222,Kirby,Whisby,kwhisby65@fema.gov,Female,2.44.14.98
223,Morissa,Borris,mborris66@msu.edu,Female,235.239.223.251
224,Darrin,Furlonge,dfurlonge67@prlog.org,Male,132.207.122.64
225,Jaye,Grishunin,jgrishunin68@house.gov,Male,116.139.156.93
226,Jesse,MacDougal,jmacdougal69@sitemeter.com,Male,144.228.69.159
227,Fallon,Schechter,fschechter6a@sciencedirect.com,Genderqueer,158.122.52.210
228,Sergei,Copson,scopson6b@google.com,Male,75.173.199.120
229,Noach,Magauran,nmagauran6c@ocn.ne.jp,Male,180.58.231.218
230,Salim,Ganford,sganford6d@blogger.com,Male,63.35.103.104
231,Dulcea,Butrimovich,dbutrimovich6e@technorati.com,Female,6.9.233.119
232,Joelie,Vermer,jvermer6f@hhs.gov,Female,178.48.57.197
233,Griffy,Simmens,gsimmens6g@goo.ne.jp,Male,105.202.99.25
234,Jedediah,Elms,jelms6h@nsw.gov.au,Male,141.47.235.211
235,Charis,Haldon,chaldon6i@eepurl.com,Female,207.118.222.129
236,Emmalyn,Arcase,earcase6j@who.int,Genderqueer,117.57.111.228
237,Bunnie,Gerlack,bgerlack6k@nydailynews.com,Female,22.66.69.26
238,Nyssa,Thorrold,nthorrold6l@parallels.com,Female,246.73.109.51
239,Jules,Loosley,jloosley6m@github.io,Male,173.196.238.198
240,Jermayne,de Castelain,jdecastelain6n@noaa.gov,Male,115.107.51.70
241,Delcine,Hollington,dhollington6o@mac.com,Female,24.87.189.3
242,Evangelin,Dinsmore,edinsmore6p@shutterfly.com,Female,106.125.218.139
243,Callean,Pennone,cpennone6q@sohu.com,Male,107.133.160.228
244,Chrystel,Rosini,crosini6r@sina.com.cn,Female,255.144.46.27
245,Malachi,Billie,mbillie6s@ucla.edu,Male,212.159.229.63
246,Lexie,Wilcot,lwilcot6t@timesonline.co.uk,Female,154.27.125.187
247,Kristian,Eynon,keynon6u@home.pl,Male,1.159.234.141
248,Elia,Ladbrooke,eladbrooke6v@amazon.com,Male,67.171.82.30
249,Torin,Flawith,tflawith6w@msu.edu,Genderqueer,251.187.185.185
250,Blake,Oliva,boliva6x@webmd.com,Genderfluid,25.107.170.6
251,Jerrie,Ferminger,jferminger6y@desdev.cn,Female,123.85.126.87
252,Ivor,Eliasson,ieliasson6z@opensource.org,Male,224.154.165.13
253,Woodman,Normansell,wnormansell70@latimes.com,Male,112.131.228.85
254,Karol,Deaves,kdeaves71@etsy.com,Female,12.41.167.45
255,Reagan,Kilgallen,rkilgallen72@google.ru,Agender,154.51.243.186
256,Vladimir,Nacey,vnacey73@loc.gov,Male,180.137.58.151
257,Cary,Lucken,clucken74@cdbaby.com,Male,192.49.40.77
258,Carin,Robertucci,crobertucci75@wired.com,Female,215.105.36.106
259,Leelah,Pethick,lpethick76@fema.gov,Female,218.127.217.194
260,Jonathon,Carless,jcarless77@sakura.ne.jp,Male,123.156.2.247
261,Skell,Wapol,swapol78@nih.gov,Male,87.47.184.43
262,Mureil,Jeffery,mjeffery79@msn.com,Female,238.99.128.42
263,Merv,Sewards,msewards7a@nydailynews.com,Male,158.242.141.4
264,Kimberly,Sarjeant,ksarjeant7b@chron.com,Female,183.182.173.202
265,Isaiah,Toner,itoner7c@posterous.com,Male,231.157.202.190
266,Tadeas,Catherall,tcatherall7d@arizona.edu,Male,102.106.157.255
267,Onofredo,Realff,orealff7e@creativecommons.org,Polygender,190.7.160.9
268,Annalise,O'Sullivan,aosullivan7f@cornell.edu,Female,58.121.85.106
269,Drugi,Headland,dheadland7g@g.co,Male,179.162.129.9
270,Junette,Nystrom,jnystrom7h@taobao.com,Female,75.20.11.209
271,Jewelle,Harkess,jharkess7i@cam.ac.uk,Female,53.11.229.37
272,Allistir,Marusic,amarusic7j@hp.com,Male,12.40.242.217
273,Karie,Rigardeau,krigardeau7k@wisc.edu,Female,11.14.23.164
274,Sigfrid,Bottrell,sbottrell7l@fastcompany.com,Genderfluid,17.170.249.43
275,Lorianna,Wisby,lwisby7m@scribd.com,Female,160.36.77.199
276,Lenee,Basini-Gazzi,lbasinigazzi7n@umich.edu,Female,123.134.57.164
277,Merci,Walczak,mwalczak7o@jigsy.com,Female,89.46.227.197
278,Cristine,Merriment,cmerriment7p@goo.gl,Female,104.134.25.194
279,Burnaby,Simmance,bsimmance7q@github.io,Male,1.173.55.14
280,Joe,Consterdine,jconsterdine7r@abc.net.au,Male,177.68.10.179
281,Gerty,Astridge,gastridge7s@eventbrite.com,Female,70.25.184.105
282,Roldan,M'Chirrie,rmchirrie7t@g.co,Male,128.45.168.190
283,Appolonia,Witson,awitson7u@youku.com,Female,39.10.1.127
284,Dru,Dunsford,ddunsford7v@feedburner.com,Male,18.195.170.220
285,Christean,Cardozo,ccardozo7w@i2i.jp,Female,49.237.159.133
286,Benjamin,Ferrand,bferrand7x@issuu.com,Male,139.159.67.243
287,Toddy,Minico,tminico7y@studiopress.com,Male,185.5.180.158
288,Dougie,Eydel,deydel7z@harvard.edu,Male,118.33.8.220
289,Rodolphe,Sealy,rsealy80@ihg.com,Male,59.65.113.221
290,Joly,Malan,jmalan81@washington.edu,Female,151.214.245.239
291,Krispin,Le Franc,klefranc82@spotify.com,Male,14.132.56.229
292,Neilla,Litster,nlitster83@ibm.com,Female,135.166.160.165
293,Juline,Bruckshaw,jbruckshaw84@lycos.com,Female,124.232.1.88
294,Enrico,Offa,eoffa85@accuweather.com,Polygender,3.106.55.208
295,Kerry,Copper,kcopper86@comcast.net,Female,194.223.87.50
296,Edwin,Sprake,esprake87@webs.com,Male,254.173.90.232
297,Blake,Foldes,bfoldes88@mail.ru,Male,135.21.98.203
298,Arabela,Alldre,aalldre89@wikipedia.org,Agender,132.158.235.1
299,Sofie,Ferrers,sferrers8a@microsoft.com,Female,121.217.170.221
300,Sonnie,Stening,sstening8b@microsoft.com,Female,211.52.88.24
301,Dell,Schultz,dschultz8c@jugem.jp,Male,245.35.100.160
302,Claudell,Blodg,cblodg8d@typepad.com,Male,234.181.193.212
303,Leanora,Salters,lsalters8e@mashable.com,Female,217.252.180.73
304,Rusty,Hughesdon,rhughesdon8f@google.ru,Male,59.242.26.252
305,Meredeth,Jeeks,mjeeks8g@arstechnica.com,Male,252.222.45.160
306,Jozef,Reichhardt,jreichhardt8h@vinaora.com,Male,205.94.136.72
307,Mercedes,Radke,mradke8i@cbc.ca,Female,34.146.14.94
308,Paten,Otterwell,potterwell8j@google.it,Male,38.30.69.179
309,Ingrim,Olle,iolle8k@w3.org,Male,248.12.182.198
310,Estella,Alywin,ealywin8l@google.ru,Female,204.89.138.216
311,Leland,MacAndrew,lmacandrew8m@google.cn,Male,10.60.50.125
312,Margalit,Trolley,mtrolley8n@wiley.com,Female,116.169.255.20
313,Mozes,Brimman,mbrimman8o@oracle.com,Male,121.59.102.39
314,Earlie,Mico,emico8p@yellowbook.com,Male,102.141.166.127
315,Maison,Ciccarelli,mciccarelli8q@dion.ne.jp,Male,162.146.22.99
316,Josie,Hamman,jhamman8r@forbes.com,Female,26.211.37.102
317,Shana,McGrirl,smcgrirl8s@dell.com,Female,185.239.184.219
318,Kile,Bicknell,kbicknell8t@mit.edu,Male,209.90.216.151
319,Rollins,Yallowley,ryallowley8u@indiatimes.com,Male,98.74.203.49
320,Cassandra,Brill,cbrill8v@wsj.com,Female,0.50.246.163
321,Pearla,Ratley,pratley8w@tumblr.com,Female,121.179.147.117
322,Franky,Canet,fcanet8x@un.org,Female,14.19.134.81
323,Pernell,Hessentaler,phessentaler8y@tripod.com,Male,201.222.171.155
324,Gloriana,Burdekin,gburdekin8z@google.de,Female,176.101.241.21
325,Damien,Whiteman,dwhiteman90@imdb.com,Male,64.71.6.162
326,Diego,Selburn,dselburn91@phpbb.com,Male,28.166.51.170
327,Ebony,Conville,econville92@forbes.com,Female,61.198.193.75
328,Frannie,Frede,ffrede93@mozilla.com,Female,121.58.130.7
329,Marylou,Barke,mbarke94@skyrock.com,Female,2.62.120.163
330,Benyamin,Celier,bcelier95@reverbnation.com,Male,74.69.1.126
331,Hesther,MacMeanma,hmacmeanma96@addtoany.com,Female,124.94.193.230
332,Henry,Howatt,hhowatt97@ning.com,Male,28.183.38.171
333,Harlan,Notton,hnotton98@apache.org,Male,181.190.105.83
334,Shane,Kyncl,skyncl99@cbslocal.com,Female,126.27.8.156
335,Llewellyn,de Juares,ldejuares9a@dion.ne.jp,Male,62.230.148.64
336,Philly,Dreakin,pdreakin9b@creativecommons.org,Non-binary,254.210.193.46
337,Gretna,Duligall,gduligall9c@time.com,Female,97.6.93.113
338,Bary,Hirche,bhirche9d@va.gov,Male,124.225.40.255
339,Armstrong,McNellis,amcnellis9e@imageshack.us,Agender,25.181.67.199
340,Tallie,Biset,tbiset9f@weather.com,Female,53.241.32.196
341,Rorke,Chetwind,rchetwind9g@odnoklassniki.ru,Male,141.74.136.108
342,Deck,Alf,dalf9h@w3.org,Male,91.221.48.77
343,Fayre,Faherty,ffaherty9i@ocn.ne.jp,Female,95.94.85.128
344,Derby,Huckell,dhuckell9j@va.gov,Male,223.62.123.66
345,Salvatore,Deval,sdeval9k@discuz.net,Male,179.198.122.231
346,Edmon,Fantone,efantone9l@weebly.com,Male,6.214.197.97
347,Ailbert,Hadlee,ahadlee9m@pcworld.com,Male,183.240.45.147
348,Belita,Claringbold,bclaringbold9n@ebay.co.uk,Female,75.4.246.156
349,Mariele,McKmurrie,mmckmurrie9o@sitemeter.com,Female,122.157.253.212
350,Dalton,McPaik,dmcpaik9p@webeden.co.uk,Male,35.113.243.216
351,Brynna,Peyntue,bpeyntue9q@flavors.me,Female,80.41.149.93
352,Alysa,Nourse,anourse9r@omniture.com,Female,183.47.69.167
353,Perice,Weatherhogg,pweatherhogg9s@weather.com,Male,201.199.63.173
354,Melonie,Goodlife,mgoodlife9t@nymag.com,Female,137.46.235.237
355,Kelley,Negro,knegro9u@paypal.com,Male,1.193.193.206
356,Renata,Kuhnhardt,rkuhnhardt9v@salon.com,Female,194.63.90.193
357,Barb,Nezey,bnezey9w@dot.gov,Female,193.0.104.66
358,Idalina,Cruse,icruse9x@clickbank.net,Female,175.137.19.124
359,Nariko,Mostin,nmostin9y@about.com,Female,232.204.145.216
360,Edna,Hamson,ehamson9z@bbc.co.uk,Female,66.54.183.97
361,Pam,Linturn,plinturna0@ameblo.jp,Female,97.176.193.30
362,Austin,Trorey,atroreya1@nyu.edu,Female,73.83.13.46
363,Willie,Plenderleith,wplenderleitha2@mayoclinic.com,Male,207.179.202.255
364,Basile,Jakubowicz,bjakubowicza3@cafepress.com,Male,75.212.85.152
365,Bard,Such,bsucha4@multiply.com,Male,59.51.72.201
366,Belicia,Gass,bgassa5@youtube.com,Female,55.180.139.36
367,Xenia,Stidworthy,xstidworthya6@quantcast.com,Female,53.166.6.213
368,Burtie,Jarville,bjarvillea7@msu.edu,Male,41.127.114.29
369,Tedd,Forster,tforstera8@storify.com,Male,155.157.64.99
370,Guglielmo,Iskowicz,giskowicza9@barnesandnoble.com,Male,74.188.184.172
371,Jamima,Vila,jvilaaa@webmd.com,Female,13.119.119.245
372,Dory,Menichino,dmenichinoab@redcross.org,Male,217.72.118.163
373,Merlina,Dowey,mdoweyac@shinystat.com,Female,51.58.69.194
374,Kaspar,Joburn,kjoburnad@google.fr,Male,242.246.186.203
375,Carmita,Davoren,cdavorenae@msn.com,Female,14.168.85.254
376,Nicky,Schade,nschadeaf@microsoft.com,Female,69.34.92.231
377,Roddy,Doumer,rdoumerag@weather.com,Male,48.244.126.3
378,Neal,Scandwright,nscandwrightah@ehow.com,Male,11.68.72.34
379,Caitrin,D'Adamo,cdadamoai@chron.com,Female,29.7.131.237
380,Lesly,Bugge,lbuggeaj@webs.com,Female,108.34.40.204
381,Millicent,Ebbins,mebbinsak@themeforest.net,Female,159.202.159.214
382,Korrie,Yarnall,kyarnallal@deliciousdays.com,Female,194.69.61.216
383,Grace,Haggeth,ghaggetham@opensource.org,Male,39.15.4.201
384,Cullan,Schutter,cschutteran@sogou.com,Male,45.195.99.115
385,Kara-lynn,Kenworth,kkenworthao@msn.com,Female,163.109.200.77
386,Patrice,Goldingay,pgoldingayap@ox.ac.uk,Male,65.119.154.11
387,Mella,Kimbly,mkimblyaq@usnews.com,Female,102.234.176.35
388,Davine,McKimmey,dmckimmeyar@pcworld.com,Female,209.78.104.221
389,Jennette,Dusting,jdustingas@taobao.com,Female,73.33.184.77
390,Tobiah,Felmingham,tfelminghamat@prnewswire.com,Male,182.10.64.202
391,Idette,Pettie,ipettieau@nsw.gov.au,Female,107.5.233.12
392,Florenza,Brookes,fbrookesav@opera.com,Female,34.65.123.11
393,Starlin,Rummery,srummeryaw@businessweek.com,Female,217.225.233.122
394,Phelia,Ashurst,pashurstax@addtoany.com,Female,196.197.120.8
395,Jeddy,Mcasparan,jmcasparanay@phoca.cz,Male,186.118.112.196
396,Felix,Goldie,fgoldieaz@arstechnica.com,Male,20.96.1.39
397,Adams,Glasper,aglasperb0@abc.net.au,Male,148.4.78.84
398,Flemming,Scroyton,fscroytonb1@pcworld.com,Male,168.10.65.162
399,Kass,Farquar,kfarquarb2@symantec.com,Female,74.193.8.110
400,Hildagarde,Godwyn,hgodwynb3@e-recht24.de,Female,213.121.14.231
401,Vilma,Beasley,vbeasleyb4@webeden.co.uk,Female,41.75.161.107
402,Oliy,Regglar,oregglarb5@skyrock.com,Female,30.54.212.208
403,Rachael,Hedman,rhedmanb6@cbsnews.com,Female,69.234.1.142
404,Addi,Goodbanne,agoodbanneb7@fema.gov,Female,171.176.6.20
405,Hale,Prothero,hprotherob8@cyberchimps.com,Male,71.43.22.64
406,Nixie,Doreward,ndorewardb9@usgs.gov,Female,234.155.92.48
407,Bone,MacGorman,bmacgormanba@purevolume.com,Male,245.242.57.196
408,Erica,Ardy,eardybb@state.gov,Female,124.250.235.66
409,Aldridge,Camlin,acamlinbc@topsy.com,Genderqueer,9.233.163.17
410,Krystle,Webster,kwebsterbd@flickr.com,Female,165.184.182.107
411,Marianne,Harkins,mharkinsbe@so-net.ne.jp,Female,5.91.120.22
412,Gerry,Sollime,gsollimebf@cnn.com,Polygender,70.70.246.140
413,Carmencita,Oller,collerbg@google.it,Female,48.108.99.177
414,Hesther,Gaukroger,hgaukrogerbh@cbc.ca,Female,176.253.24.215
415,Sonnie,Graver,sgraverbi@reddit.com,Male,246.220.86.85
416,Gasparo,Murrish,gmurrishbj@bluehost.com,Male,187.250.34.62
417,Clement,Brumwell,cbrumwellbk@telegraph.co.uk,Male,78.158.173.228
418,Prisca,Simoneton,psimonetonbl@twitpic.com,Female,208.93.255.89
419,Jerrylee,Peile,jpeilebm@surveymonkey.com,Female,190.13.126.228
420,Cal,Joseff,cjoseffbn@omniture.com,Male,233.255.233.177
421,Zedekiah,Payler,zpaylerbo@chronoengine.com,Male,150.209.98.7
422,Marleah,O' Mullan,momullanbp@forbes.com,Female,40.165.195.28
423,Renaud,Simmins,rsimminsbq@columbia.edu,Male,192.207.92.194
424,Cecily,Gerriet,cgerrietbr@auda.org.au,Female,42.122.112.9
425,Fanny,Deely,fdeelybs@networksolutions.com,Female,126.91.235.46
426,Arny,Tobias,atobiasbt@google.de,Male,77.78.201.33
427,Garland,Poytress,gpoytressbu@npr.org,Female,67.12.63.24
428,Aldo,Robshaw,arobshawbv@xing.com,Male,3.94.133.125
429,Renata,Taffs,rtaffsbw@surveymonkey.com,Female,14.194.117.236
430,Julian,Preene,jpreenebx@vimeo.com,Bigender,47.229.178.55
431,Cecilius,Fort,cfortby@hibu.com,Polygender,224.73.90.213
432,Morgen,Petts,mpettsbz@cisco.com,Female,61.203.57.250
433,Addia,Shanley,ashanleyc0@over-blog.com,Female,170.188.57.226
434,Dagmar,Oldis,doldisc1@weibo.com,Polygender,179.223.122.204
435,Otho,Maulin,omaulinc2@facebook.com,Male,216.237.143.125
436,Salim,Litster,slitsterc3@ted.com,Male,150.20.206.115
437,Jay,Eede,jeedec4@comsenz.com,Male,141.13.188.102
438,Sawyer,McDougal,smcdougalc5@washingtonpost.com,Genderqueer,61.105.133.208
439,Stevena,Lewsam,slewsamc6@cocolog-nifty.com,Female,219.52.113.245
440,Bearnard,Aslum,baslumc7@reverbnation.com,Male,137.141.16.148
441,Gusella,Bolam,gbolamc8@seattletimes.com,Female,158.205.203.211
442,Selia,Camier,scamierc9@usgs.gov,Female,197.233.231.129
443,Lindsy,Dornin,ldorninca@qq.com,Female,27.122.17.143
444,Sascha,Jessett,sjessettcb@quantcast.com,Female,57.223.216.18
445,Tracey,Classen,tclassencc@baidu.com,Female,161.209.17.169
446,Chelsy,Tabart,ctabartcd@virginia.edu,Female,4.75.225.10
447,Phylis,Rushe,prushece@cbsnews.com,Female,89.142.77.63
448,Forbes,Dudmesh,fdudmeshcf@amazon.co.uk,Male,60.12.226.217
449,Fairleigh,Pemberton,fpembertoncg@wired.com,Male,156.231.149.220
450,Johannes,Gellibrand,jgellibrandch@latimes.com,Male,225.19.38.140
451,Audie,Leap,aleapci@dell.com,Female,79.15.5.231
452,Tani,Stanett,tstanettcj@trellian.com,Female,187.205.154.215
453,Erroll,Farnworth,efarnworthck@spiegel.de,Male,8.103.97.222
454,Bradan,Florentine,bflorentinecl@sbwire.com,Bigender,203.35.113.125
455,Kenyon,Bartolacci,kbartolaccicm@cdc.gov,Male,241.243.137.229
456,Rianon,Yakovitch,ryakovitchcn@parallels.com,Female,109.101.92.92
457,Penrod,Forsyth,pforsythco@icio.us,Male,53.24.21.25
458,Fairfax,Sterrick,fsterrickcp@icq.com,Male,82.207.33.214
459,Barris,Marikhin,bmarikhincq@topsy.com,Male,38.215.35.178
460,Tamqrah,MacCarter,tmaccartercr@shinystat.com,Female,147.150.132.34
461,Xavier,Coward,xcowardcs@yolasite.com,Male,196.136.249.124
462,Rourke,Sergent,rsergentct@google.es,Male,136.78.99.4
463,Sigfried,McGairl,smcgairlcu@symantec.com,Male,242.19.224.213
464,Loni,Harvie,lharviecv@trellian.com,Polygender,195.192.136.115
465,Renaud,Hatfield,rhatfieldcw@disqus.com,Male,130.103.26.13
466,Benny,Corrie,bcorriecx@multiply.com,Female,89.107.210.68
467,Joete,Paulo,jpaulocy@sina.com.cn,Female,113.71.43.15
468,Lianna,Brice,lbricecz@bandcamp.com,Female,83.61.184.26
469,Ban,Swatman,bswatmand0@mtv.com,Male,80.67.126.94
470,Eldon,Voak,evoakd1@ebay.com,Male,93.207.80.233
471,Licha,Chastelain,lchastelaind2@mayoclinic.com,Female,37.44.161.62
472,Storm,Muscott,smuscottd3@moonfruit.com,Female,115.246.150.71
473,Burke,Kilmaster,bkilmasterd4@tinyurl.com,Male,29.132.253.219
474,Lucias,Armal,larmald5@yahoo.com,Male,115.97.94.140
475,Keefe,Antill,kantilld6@eepurl.com,Polygender,146.58.76.129
476,Alwyn,Kenn,akennd7@amazon.co.uk,Male,152.62.30.179
477,Lynnelle,McReynolds,lmcreynoldsd8@washington.edu,Female,209.30.80.199
478,Agnella,Varsey,avarseyd9@360.cn,Female,10.1.5.193
479,Tyne,Lynn,tlynnda@printfriendly.com,Non-binary,155.186.236.233
480,Broddy,Scullion,bsculliondb@cornell.edu,Male,180.156.7.157
481,Poul,Keates,pkeatesdc@gov.uk,Male,29.64.230.232
482,Glenine,Thurlow,gthurlowdd@mtv.com,Female,224.96.204.239
483,Garrek,Mucklow,gmucklowde@weather.com,Male,153.172.111.76
484,Lionello,Capoun,lcapoundf@sogou.com,Male,178.171.139.160
485,Carroll,Troop,ctroopdg@freewebs.com,Female,11.44.59.168
486,Nancee,Giovannardi,ngiovannardidh@google.com.br,Female,3.56.86.190
487,Elli,Walesa,ewalesadi@cargocollective.com,Female,185.233.165.32
488,Lissa,Abbyss,labbyssdj@irs.gov,Female,46.173.239.200
489,Stinky,Bithany,sbithanydk@intel.com,Male,251.74.154.161
490,Tyrone,Craise,tcraisedl@ted.com,Male,233.17.73.155
491,Olivero,Lisimore,olisimoredm@icio.us,Male,43.157.185.183
492,Gael,Orto,gortodn@instagram.com,Male,220.229.206.153
493,Dasie,Gelling,dgellingdo@apple.com,Female,110.77.219.249
494,Rawley,Carswell,rcarswelldp@jugem.jp,Male,23.55.97.205
495,Syd,Westhofer,swesthoferdq@geocities.jp,Male,45.66.104.124
496,Jessie,Shutt,jshuttdr@tripod.com,Male,84.148.220.62
497,Charmian,Pirri,cpirrids@mysql.com,Female,249.238.85.141
498,Sarah,Hardern,sharderndt@friendfeed.com,Female,72.107.200.96
499,Dania,Cawdell,dcawdelldu@jimdo.com,Female,64.89.16.234
500,Meghan,Spurge,mspurgedv@ibm.com,Female,60.45.237.143
501,Sherry,Molloy,smolloydw@webmd.com,Female,84.147.17.70
502,Arlie,Raggitt,araggittdx@themeforest.net,Female,159.83.101.66
503,Ralph,Saphin,rsaphindy@jigsy.com,Agender,35.134.190.34
504,Dorotea,De Santos,ddesantosdz@army.mil,Female,255.149.4.87
505,Ambrosius,Shakespeare,ashakespearee0@hhs.gov,Male,34.97.153.6
506,Aprilette,Shippard,ashipparde1@weather.com,Female,158.42.46.11
507,Ermentrude,Bendix,ebendixe2@list-manage.com,Genderqueer,179.74.143.166
508,Wynne,Storrar,wstorrare3@jalbum.net,Female,249.232.141.231
509,Gypsy,Carberry,gcarberrye4@arstechnica.com,Female,201.56.174.14
510,Uriah,Fromant,ufromante5@cdbaby.com,Male,1.21.111.158
511,Leta,Schlagman,lschlagmane6@prweb.com,Female,215.243.247.255
512,Vern,Daintier,vdaintiere7@live.com,Male,249.139.77.186
513,Winny,Egar,wegare8@meetup.com,Bigender,230.36.24.43
514,Hendrik,Stonnell,hstonnelle9@marketwatch.com,Male,31.180.159.150
515,Abra,Renn,arennea@mit.edu,Female,111.30.124.97
516,Toni,Bosson,tbossoneb@vistaprint.com,Female,154.29.93.45
517,Ellis,Messham,emesshamec@alibaba.com,Male,203.205.120.184
518,Myrna,Rosenstein,mrosensteined@php.net,Female,42.59.170.82
519,Harald,McCreery,hmccreeryee@un.org,Male,32.140.108.130
520,Reynard,Gooder,rgooderef@pen.io,Male,243.215.110.63
521,Owen,Challes,ochalleseg@abc.net.au,Polygender,243.166.76.49
522,Karyl,Treby,ktrebyeh@ifeng.com,Female,58.52.38.142
523,Sven,Marrows,smarrowsei@un.org,Male,235.172.105.31
524,Cecilio,Raeburn,craeburnej@storify.com,Male,141.58.8.168
525,Maryjane,Woliter,mwoliterek@biglobe.ne.jp,Female,88.145.82.230
526,Amaleta,Pecey,apeceyel@smugmug.com,Female,7.139.196.81
527,Thaxter,Bonallack,tbonallackem@fotki.com,Male,33.204.254.191
528,Emery,Kave,ekaveen@tripadvisor.com,Male,252.164.44.253
529,Kristel,Jowett,kjowetteo@nba.com,Female,108.28.81.5
530,Gilemette,Burde,gburdeep@liveinternet.ru,Female,106.14.32.131
531,Benson,Cutforth,bcutfortheq@delicious.com,Male,179.77.52.182
532,Janean,Elsip,jelsiper@cbslocal.com,Female,132.132.203.252
533,Valle,Baser,vbaseres@qq.com,Non-binary,219.62.78.9
534,Hort,Oxberry,hoxberryet@nyu.edu,Male,240.191.29.185
535,Pietra,Brooks,pbrookseu@reddit.com,Female,35.253.188.198
536,Kiah,Vondrak,kvondrakev@foxnews.com,Agender,50.6.183.70
537,Sayres,Salaman,ssalamanew@ning.com,Male,84.70.49.45
538,Chicky,Rattrie,crattrieex@economist.com,Female,255.255.135.173
539,Felicdad,Eykelhof,feykelhofey@goo.gl,Female,115.185.80.214
540,Becca,Volet,bvoletez@epa.gov,Female,30.240.72.202
541,Hugues,Normanton,hnormantonf0@microsoft.com,Male,90.50.239.18
542,Marlo,Astill,mastillf1@weibo.com,Female,98.212.50.95
543,Kliment,MacPaik,kmacpaikf2@geocities.com,Male,122.22.5.191
544,Thorvald,Munson,tmunsonf3@telegraph.co.uk,Male,251.187.55.86
545,Malia,Barthelet,mbartheletf4@com.com,Non-binary,251.217.1.237
546,Gerianna,Loffhead,gloffheadf5@mac.com,Female,211.120.23.236
547,Helsa,Danielsen,hdanielsenf6@icio.us,Female,91.107.191.162
548,Kimmi,Hann,khannf7@aol.com,Female,157.62.113.31
549,Lexine,Kop,lkopf8@ask.com,Female,158.3.137.145
550,Octavius,Boor,oboorf9@about.com,Male,13.220.160.93
551,Maryjane,Gilbride,mgilbridefa@meetup.com,Female,133.0.125.233
552,Roley,Waeland,rwaelandfb@wix.com,Male,32.234.152.66
553,Jehu,Bayford,jbayfordfc@hc360.com,Male,51.96.149.68
554,Catarina,Seawell,cseawellfd@trellian.com,Female,169.147.12.229
555,Lyell,Gai,lgaife@reddit.com,Male,130.73.88.251
556,Loraine,Kaubisch,lkaubischff@umich.edu,Female,242.59.215.81
557,Kathryne,Purple,kpurplefg@blogger.com,Female,170.7.14.137
558,Rene,Corton,rcortonfh@umich.edu,Female,2.222.171.34
559,Kary,Maylin,kmaylinfi@over-blog.com,Female,211.104.186.30
560,Nickey,Stelfox,nstelfoxfj@networkadvertising.org,Male,139.47.236.230
561,Adi,Tabourier,atabourierfk@edublogs.org,Female,255.112.188.1
562,Hope,Skeldinge,hskeldingefl@uiuc.edu,Female,94.236.92.53
563,Candie,Collen,ccollenfm@1und1.de,Female,173.23.0.228
564,Mauricio,Eckley,meckleyfn@sina.com.cn,Male,116.81.235.114
565,Nannette,Spilling,nspillingfo@tamu.edu,Female,19.91.147.140
566,Winfred,Elves,welvesfp@networksolutions.com,Male,108.4.11.151
567,Krysta,Covert,kcovertfq@list-manage.com,Female,163.120.243.130
568,Bethina,Haukey,bhaukeyfr@sphinn.com,Female,24.72.223.211
569,Biddy,Hatchette,bhatchettefs@slideshare.net,Female,49.36.218.30
570,Wye,Risbridger,wrisbridgerft@live.com,Male,50.14.39.204
571,Tessy,Waddilow,twaddilowfu@hp.com,Female,226.225.161.201
572,Douglas,Saddleton,dsaddletonfv@discuz.net,Male,233.248.111.105
573,Dalton,Statham,dstathamfw@bloomberg.com,Agender,107.1.140.48
574,Odetta,Crut,ocrutfx@nba.com,Female,144.17.163.245
575,Angeline,Bradly,abradlyfy@apple.com,Female,8.86.122.16
576,Tallulah,Churchard,tchurchardfz@amazonaws.com,Female,136.143.40.244
577,Thain,Thorouggood,tthorouggoodg0@columbia.edu,Non-binary,158.201.162.131
578,Clarissa,Laffan,claffang1@columbia.edu,Female,159.252.169.195
579,Rossie,MacTavish,rmactavishg2@redcross.org,Male,57.187.152.238
580,Aksel,Handforth,ahandforthg3@mapy.cz,Male,0.73.14.119
581,Dewain,Leyre,dleyreg4@ca.gov,Male,250.193.6.161
582,Ewen,Collingwood,ecollingwoodg5@ameblo.jp,Male,27.6.139.225
583,Aldous,Aluard,aaluardg6@seattletimes.com,Male,63.188.129.94
584,Rolfe,Wroe,rwroeg7@tinypic.com,Male,94.158.76.43
585,Rubie,Giraudou,rgiraudoug8@reddit.com,Genderqueer,149.157.22.46
586,Errol,MacAllan,emacallang9@chronoengine.com,Male,36.119.25.8
587,Jacqui,Rolling,jrollingga@mlb.com,Female,74.67.52.201
588,Lauretta,Mundee,lmundeegb@meetup.com,Female,203.175.14.48
589,Beau,Bril,bbrilgc@google.it,Male,63.137.77.168
590,Stevie,Gorden,sgordengd@hubpages.com,Male,73.152.12.43
591,Stefan,Butterley,sbutterleyge@mysql.com,Male,213.235.112.123
592,Scotti,Asch,saschgf@xing.com,Male,34.173.133.103
593,Harp,Covell,hcovellgg@live.com,Male,70.245.42.45
594,Darnall,Neville,dnevillegh@usnews.com,Male,36.31.206.111
595,Enoch,Awcock,eawcockgi@tinyurl.com,Male,247.67.179.185
596,Jeremie,Seleway,jselewaygj@free.fr,Male,76.21.58.179
597,Robin,Nilges,rnilgesgk@miitbeian.gov.cn,Genderfluid,33.248.253.105
598,Emlen,Croyden,ecroydengl@pagesperso-orange.fr,Male,225.169.127.140
599,Danyette,Jevons,djevonsgm@prweb.com,Female,29.96.237.54
600,Fritz,Abys,fabysgn@cbslocal.com,Male,237.231.110.91
601,Basil,Halse,bhalsego@yelp.com,Male,107.170.70.178
602,Llewellyn,Rathborne,lrathbornegp@deviantart.com,Male,175.152.71.120
603,Briny,Benkhe,bbenkhegq@wired.com,Bigender,6.112.27.56
604,Meridel,Farey,mfareygr@sbwire.com,Agender,227.48.116.206
605,Bea,Bugg,bbugggs@webnode.com,Female,165.82.148.59
606,Royal,Golsthorp,rgolsthorpgt@kickstarter.com,Male,95.52.3.47
607,Baily,Melvin,bmelvingu@w3.org,Male,26.187.121.191
608,Sande,MacGregor,smacgregorgv@usa.gov,Female,199.244.116.169
609,Freddie,Giacomo,fgiacomogw@phpbb.com,Male,113.102.21.243
610,Goran,Singh,gsinghgx@goo.ne.jp,Male,202.220.190.170
611,Kimberlyn,Pahler,kpahlergy@nbcnews.com,Female,250.243.149.111
612,Adel,Impy,aimpygz@berkeley.edu,Female,0.203.14.211
613,Tabby,Edson,tedsonh0@slideshare.net,Female,23.119.223.10
614,Gaby,Mangenot,gmangenoth1@tinypic.com,Male,149.132.192.171
615,Anthia,Maskill,amaskillh2@blogger.com,Female,11.201.85.230
616,Danica,Scotti,dscottih3@ning.com,Female,6.92.198.35
617,Roz,Perkin,rperkinh4@weebly.com,Agender,124.87.226.151
618,Gilli,Amthor,gamthorh5@cyberchimps.com,Non-binary,222.117.156.91
619,Linc,Conrad,lconradh6@nba.com,Male,163.103.198.198
620,Zarah,Cropp,zcropph7@chicagotribune.com,Female,36.95.205.232
621,Hamid,Goom,hgoomh8@businessweek.com,Male,211.20.33.134
622,Lorne,Ovize,lovizeh9@hubpages.com,Female,23.23.27.243
623,Crichton,Christofol,cchristofolha@wsj.com,Male,201.0.211.208
624,Saxe,Geere,sgeerehb@ehow.com,Male,84.76.56.220
625,Jedidiah,Arkley,jarkleyhc@thetimes.co.uk,Male,121.242.93.10
626,Alisun,Hellicar,ahellicarhd@virginia.edu,Female,206.59.112.24
627,Jilli,Breem,jbreemhe@freewebs.com,Female,246.161.158.121
628,Buddy,Spurrier,bspurrierhf@qq.com,Male,154.93.202.40
629,Caz,Pollicott,cpollicotthg@networkadvertising.org,Male,254.255.146.16
630,Greta,Tyne,gtynehh@newsvine.com,Female,196.161.220.160
631,Federico,St Angel,fstangelhi@xrea.com,Male,185.16.34.105
632,Kyla,Carlan,kcarlanhj@mozilla.com,Female,89.236.75.10
633,Natassia,Sinkin,nsinkinhk@foxnews.com,Non-binary,0.31.55.177
634,Dixie,Do,ddohl@alexa.com,Female,27.187.123.169
635,Nobie,Eardley,neardleyhm@ovh.net,Male,182.183.238.170
636,Mozes,Winwright,mwinwrighthn@quantcast.com,Male,222.144.87.100
637,Karlik,McGarry,kmcgarryho@vk.com,Male,6.64.90.99
638,Grissel,Jerratsch,gjerratschhp@washingtonpost.com,Female,182.28.176.174
639,Dorise,Monkman,dmonkmanhq@t-online.de,Female,150.7.63.166
640,Zahara,Geraudel,zgeraudelhr@lycos.com,Female,247.68.214.255
641,Martie,Varnam,mvarnamhs@sciencedirect.com,Male,106.131.137.253
642,Shayne,Willgrass,swillgrassht@fda.gov,Female,196.64.168.161
643,Davita,Newart,dnewarthu@timesonline.co.uk,Female,114.224.85.148
644,Honoria,Whyteman,hwhytemanhv@phoca.cz,Female,134.119.74.249
645,Shadow,Benedek,sbenedekhw@google.cn,Male,203.226.112.22
646,Shalna,Limbrick,slimbrickhx@weibo.com,Female,71.71.102.32
647,Kirby,Kleinsinger,kkleinsingerhy@google.co.uk,Male,196.237.0.87
648,Julian,Lissandrini,jlissandrinihz@ft.com,Male,21.108.159.135
649,Fidelia,Roubert,frouberti0@virginia.edu,Female,217.189.13.106
650,Wyn,Dawber,wdawberi1@abc.net.au,Male,213.86.239.230
651,Avram,Wrightham,awrighthami2@altervista.org,Male,50.182.244.247
652,Horten,Otter,hotteri3@wiley.com,Male,37.21.134.152
653,Isidro,Yuryichev,iyuryichevi4@google.de,Male,158.51.247.17
654,Pavlov,Zamudio,pzamudioi5@phoca.cz,Male,141.182.171.22
655,Fabiano,Duffield,fduffieldi6@homestead.com,Male,42.49.127.20
656,Ninon,Gerald,ngeraldi7@themeforest.net,Female,11.163.219.75
657,Taylor,Wortley,twortleyi8@amazon.co.uk,Male,112.135.33.181
658,Clay,Baitson,cbaitsoni9@who.int,Male,171.119.51.179
659,Bridget,Rasp,braspia@hud.gov,Female,132.174.114.28
660,Hestia,Witard,hwitardib@loc.gov,Female,31.93.154.54
661,Mikael,Scoone,mscooneic@japanpost.jp,Male,5.99.155.126
662,Sol,Goskar,sgoskarid@gov.uk,Male,40.245.111.159
663,Hymie,Dyball,hdyballie@samsung.com,Male,184.205.119.198
664,Edlin,Galley,egalleyif@ebay.co.uk,Male,112.240.51.221
665,Kathlin,Kinver,kkinverig@adobe.com,Female,2.65.73.84
666,Moria,Lehrmann,mlehrmannih@multiply.com,Non-binary,104.232.24.203
667,Roda,Ivan,rivanii@hubpages.com,Female,212.94.141.238
668,Parnell,Gleed,pgleedij@prweb.com,Male,255.159.85.81
669,Herbert,Hewins,hhewinsik@fotki.com,Male,81.74.174.60
670,Huntlee,Baton,hbatonil@addtoany.com,Bigender,173.215.211.65
671,Chance,Ronan,cronanim@sina.com.cn,Male,165.126.221.157
672,Tiebold,Whitloe,twhitloein@google.it,Male,104.224.105.144
673,Davin,Measey,dmeaseyio@telegraph.co.uk,Male,220.250.94.39
674,Dennie,Stuckes,dstuckesip@networkadvertising.org,Polygender,214.23.57.105
675,Victor,Francesconi,vfrancesconiiq@time.com,Polygender,63.12.14.159
676,Erastus,Kelemen,ekelemenir@google.co.jp,Male,196.218.76.172
677,Teressa,Andreopolos,tandreopolosis@bluehost.com,Female,217.245.118.11
678,Brennan,Powles,bpowlesit@flavors.me,Male,19.184.16.169
679,Brocky,Ockendon,bockendoniu@house.gov,Non-binary,134.96.162.6
680,Benedict,Bartholomieu,bbartholomieuiv@bravesites.com,Male,167.231.38.66
681,Abram,Durn,adurniw@cyberchimps.com,Polygender,254.48.150.62
682,Kylie,Haimes,khaimesix@friendfeed.com,Female,125.23.46.41
683,Ailee,Richin,arichiniy@altervista.org,Female,187.187.157.244
684,Aime,Vinick,avinickiz@xrea.com,Female,32.87.108.151
685,Gardie,Ege,gegej0@gnu.org,Male,12.67.68.170
686,Trenna,Durden,tdurdenj1@gmpg.org,Bigender,144.166.226.15
687,Paula,McAlees,pmcaleesj2@jalbum.net,Female,8.37.130.181
688,Harriot,Jobey,hjobeyj3@live.com,Female,192.159.204.245
689,Rheba,Nelhams,rnelhamsj4@google.it,Female,163.241.147.182
690,Edy,Thackston,ethackstonj5@alibaba.com,Female,162.136.245.175
691,Martino,Demangeon,mdemangeonj6@examiner.com,Male,213.94.164.187
692,Catherine,Kildahl,ckildahlj7@flickr.com,Female,218.215.100.245
693,Fedora,Siddon,fsiddonj8@redcross.org,Female,84.153.206.17
694,Elaine,Pettyfar,epettyfarj9@topsy.com,Female,211.101.204.56
695,Omar,Reinbeck,oreinbeckja@chicagotribune.com,Male,196.239.88.200
696,Anneliese,Waterhowse,awaterhowsejb@census.gov,Female,38.100.3.135
697,Ansel,Tacey,ataceyjc@php.net,Agender,99.123.145.189
698,Filippo,Hallows,fhallowsjd@bloglines.com,Male,142.74.181.232
699,Yankee,Letteresse,yletteresseje@abc.net.au,Male,57.5.142.57
700,Chelsy,Kreutzer,ckreutzerjf@addthis.com,Female,177.211.213.83
701,Vergil,Wolfenden,vwolfendenjg@nps.gov,Male,110.231.83.112
702,Brandon,Capewell,bcapewelljh@accuweather.com,Male,232.254.119.106
703,Tully,MacSporran,tmacsporranji@usda.gov,Male,44.6.35.252
704,Edmon,Mager,emagerjj@domainmarket.com,Male,126.190.54.220
705,Nana,Bicker,nbickerjk@usda.gov,Female,174.57.158.225
706,Chrysa,Beebis,cbeebisjl@google.it,Female,224.43.77.72
707,Reese,Gumme,rgummejm@typepad.com,Male,85.13.175.167
708,Base,Labbati,blabbatijn@aboutads.info,Male,181.172.64.116
709,Eben,Calfe,ecalfejo@webnode.com,Male,158.244.192.186
710,Kessia,Shaddick,kshaddickjp@ca.gov,Female,13.218.64.13
711,Rochester,Braksper,rbraksperjq@unicef.org,Male,110.145.99.4
712,Arri,Leathard,aleathardjr@mapquest.com,Male,147.59.145.53
713,Analise,Climpson,aclimpsonjs@artisteer.com,Female,7.210.137.80
714,Leelah,Christopher,lchristopherjt@macromedia.com,Female,198.46.61.77
715,Lurline,Atling,latlingju@ucoz.com,Female,244.32.198.67
716,Leyla,Profit,lprofitjv@oracle.com,Female,111.147.35.54
717,Carroll,Parkins,cparkinsjw@boston.com,Male,174.78.162.116
718,Kristien,Wandrey,kwandreyjx@hexun.com,Female,134.62.230.37
719,Allin,Hakewell,ahakewelljy@sbwire.com,Male,230.104.173.170
720,Rose,Benyon,rbenyonjz@ed.gov,Female,53.241.39.26
721,Caz,Zoellner,czoellnerk0@printfriendly.com,Bigender,95.132.224.182
722,Garrek,Cano,gcanok1@google.cn,Male,3.100.84.244
723,Nora,Dancy,ndancyk2@google.com.hk,Female,121.106.69.159
724,Tabby,Fluger,tflugerk3@google.de,Female,255.164.24.36
725,Ashleigh,Heustice,aheusticek4@nifty.com,Genderfluid,189.216.128.32
726,Ruthi,Rodrigo,rrodrigok5@indiegogo.com,Female,249.239.178.170
727,Shani,O'Feeny,sofeenyk6@wordpress.com,Female,60.178.47.194
728,Neils,Standbrook,nstandbrookk7@nature.com,Male,201.62.90.161
729,Hillie,Blacktin,hblacktink8@google.com.br,Male,13.112.224.1
730,Skye,Pergens,spergensk9@bing.com,Non-binary,203.95.242.165
731,Brianne,Rosiello,brosielloka@ted.com,Female,232.164.183.9
732,Orsola,Buxsy,obuxsykb@linkedin.com,Female,187.140.44.240
733,Daisy,Wilsdon,dwilsdonkc@godaddy.com,Female,45.253.98.209
734,Cassey,Hurn,churnkd@rambler.ru,Female,2.74.189.227
735,Udall,Morstatt,umorstattke@salon.com,Polygender,145.66.23.113
736,Athena,Tackell,atackellkf@biblegateway.com,Female,96.223.222.74
737,Joelle,Tomblings,jtomblingskg@amazon.de,Female,55.89.24.206
738,Mair,Doxey,mdoxeykh@mapy.cz,Female,100.189.132.70
739,Andonis,Dicken,adickenki@ucsd.edu,Male,85.146.73.181
740,Belicia,Bartolomivis,bbartolomiviskj@nationalgeographic.com,Female,214.53.168.116
741,Sharleen,Le Fevre,slefevrekk@technorati.com,Female,91.137.237.42
742,Ado,Spoward,aspowardkl@sogou.com,Male,41.83.56.196
743,Henrie,Jeeves,hjeeveskm@state.tx.us,Female,252.98.158.100
744,Jeramey,Jubb,jjubbkn@feedburner.com,Agender,167.130.179.150
745,Katharyn,Bendix,kbendixko@yelp.com,Female,64.2.96.130
746,Vasili,Donet,vdonetkp@examiner.com,Male,51.255.146.63
747,Dimitri,Biscomb,dbiscombkq@lulu.com,Male,33.98.179.108
748,Sterling,Brennan,sbrennankr@webnode.com,Male,121.249.200.62
749,Elonore,McKelvey,emckelveyks@bigcartel.com,Female,13.168.159.13
750,Taite,Slowan,tslowankt@i2i.jp,Male,26.101.19.177
751,Cthrine,Zanelli,czanelliku@forbes.com,Female,180.127.28.196
752,Cori,Wadworth,cwadworthkv@wsj.com,Male,42.176.219.205
753,Wallis,Menzies,wmenzieskw@cyberchimps.com,Male,69.140.249.16
754,Verena,Dahle,vdahlekx@bbb.org,Genderqueer,184.90.252.188
755,Ethelin,Faichnie,efaichnieky@hp.com,Female,92.243.174.114
756,Mab,Arnli,marnlikz@cmu.edu,Female,93.165.133.12
757,Petr,Oldknowe,poldknowel0@hibu.com,Non-binary,143.134.11.201
758,Jolie,Balma,jbalmal1@springer.com,Genderqueer,237.136.237.128
759,Chilton,Wilmott,cwilmottl2@hubpages.com,Male,243.235.189.12
760,Laura,Hawksby,lhawksbyl3@mashable.com,Female,14.173.146.73
761,Brynna,Garshore,bgarshorel4@mit.edu,Female,174.233.159.137
762,Maurie,Garatty,mgarattyl5@usnews.com,Male,159.9.52.252
763,Boyce,Karpman,bkarpmanl6@devhub.com,Male,196.131.35.245
764,Bartholemy,Rotham,brothaml7@infoseek.co.jp,Male,5.85.165.71
765,Ebeneser,Delamar,edelamarl8@blog.com,Male,229.95.21.165
766,Florida,Haddon,fhaddonl9@yellowpages.com,Female,131.184.104.126
767,Tate,Tollit,ttollitla@pcworld.com,Male,147.59.146.141
768,Oralee,Papez,opapezlb@yahoo.com,Female,16.198.12.57
769,Emmalyn,Bohman,ebohmanlc@netlog.com,Female,249.167.153.185
770,Ian,Piniur,ipiniurld@wp.com,Male,161.87.81.90
771,Bren,Phetteplace,bphetteplacele@yandex.ru,Genderfluid,207.24.222.59
772,Skippie,Geeraert,sgeeraertlf@wunderground.com,Male,110.174.19.149
773,Alyosha,MacDearmont,amacdearmontlg@skyrock.com,Male,136.208.199.56
774,Edward,Freeland,efreelandlh@hhs.gov,Male,78.63.17.158
775,Chery,Cristofvao,ccristofvaoli@t-online.de,Female,140.103.186.0
776,Hans,McLafferty,hmclaffertylj@wisc.edu,Male,105.79.124.115
777,Andeee,Carrigan,acarriganlk@goo.gl,Female,242.212.207.145
778,Janka,Duignan,jduignanll@blogger.com,Genderfluid,111.28.132.111
779,Morrie,Doghartie,mdoghartielm@tinyurl.com,Male,66.170.220.241
780,Alex,Heugel,aheugelln@berkeley.edu,Male,44.146.183.155
781,Brendin,Gaunter,bgaunterlo@yahoo.co.jp,Male,79.244.226.241
782,Niko,O'Fairy,nofairylp@nps.gov,Male,48.47.229.143
783,Fan,Foley,ffoleylq@washingtonpost.com,Female,206.238.137.11
784,Rustie,Jaspar,rjasparlr@blogspot.com,Male,155.156.218.126
785,Jerrilyn,Corderoy,jcorderoyls@sun.com,Female,220.85.104.143
786,Lamont,Curling,lcurlinglt@buzzfeed.com,Male,216.125.84.8
787,Johny,Late,jlatelu@harvard.edu,Male,239.214.175.236
788,Ashil,Duny,adunylv@wordpress.org,Female,189.181.177.26
789,Mandi,Gerrard,mgerrardlw@shop-pro.jp,Female,165.80.93.164
790,Briant,Vinnicombe,bvinnicombelx@about.com,Polygender,65.25.147.169
791,Warde,Bang,wbangly@theglobeandmail.com,Male,13.255.80.30
792,Shannan,Gonnely,sgonnelylz@google.nl,Male,242.70.241.53
793,Reagen,Placide,rplacidem0@goo.gl,Male,198.211.20.123
794,Dorita,Milby,dmilbym1@shareasale.com,Female,200.150.188.70
795,Maddy,Laugheran,mlaugheranm2@google.es,Female,4.190.74.2
796,Levey,Weale,lwealem3@blogspot.com,Male,17.184.122.28
797,Claudie,Surman,csurmanm4@guardian.co.uk,Female,73.112.178.142
798,Moises,Enderby,menderbym5@youtube.com,Male,31.10.96.116
799,Rozalin,Drysdall,rdrysdallm6@slashdot.org,Female,66.194.187.139
800,Tann,Skippen,tskippenm7@intel.com,Male,79.235.157.37
801,Timmy,Wiffill,twiffillm8@foxnews.com,Female,139.227.73.168
802,Izak,Gehring,igehringm9@youtu.be,Male,41.30.8.146
803,Shermie,Tombleson,stomblesonma@tinypic.com,Male,54.126.27.31
804,Bryant,Redihalgh,bredihalghmb@seattletimes.com,Male,254.24.93.176
805,Lynda,Febry,lfebrymc@studiopress.com,Female,9.134.116.79
806,Myrvyn,Tebbitt,mtebbittmd@biblegateway.com,Male,183.178.209.169
807,Joela,Nelthorpe,jnelthorpeme@shutterfly.com,Female,221.120.178.215
808,Ellsworth,Jellard,ejellardmf@microsoft.com,Male,198.45.205.51
809,Louise,Summerhayes,lsummerhayesmg@cbc.ca,Genderfluid,252.153.166.134
810,Ozzie,Ferreira,oferreiramh@intel.com,Male,248.245.122.145
811,Inga,Turpin,iturpinmi@tripadvisor.com,Female,221.138.92.160
812,Aland,O' Hern,aohernmj@mysql.com,Male,129.53.90.19
813,Lorne,Dryburgh,ldryburghmk@yale.edu,Female,100.98.143.29
814,Kalle,Acaster,kacasterml@amazonaws.com,Male,38.162.89.156
815,Katey,Matevosian,kmatevosianmm@biglobe.ne.jp,Female,107.227.66.211
816,Melanie,Aird,mairdmn@icq.com,Female,82.131.98.222
817,Marven,Ajsik,majsikmo@skype.com,Male,15.185.151.28
818,Lesli,Sprott,lsprottmp@macromedia.com,Female,137.152.183.252
819,Aurelea,Pawden,apawdenmq@webeden.co.uk,Female,31.99.249.8
820,Ardyth,Scarth,ascarthmr@chron.com,Female,110.193.10.128
821,Melantha,Moralas,mmoralasms@twitpic.com,Female,41.155.243.113
822,Felic,Frane,ffranemt@jugem.jp,Male,18.27.123.212
823,Nanny,Yarrow,nyarrowmu@addthis.com,Female,230.90.214.23
824,Paola,Mallender,pmallendermv@behance.net,Female,111.44.209.50
825,Filbert,Smithies,fsmithiesmw@topsy.com,Male,149.136.230.236
826,Barbabas,Tarren,btarrenmx@economist.com,Male,224.187.158.171
827,Porter,Huckin,phuckinmy@europa.eu,Male,71.75.243.255
828,Bonita,Heams,bheamsmz@xing.com,Female,97.221.250.87
829,Yettie,Hengoed,yhengoedn0@timesonline.co.uk,Female,247.172.68.206
830,Fowler,Heberden,fheberdenn1@pagesperso-orange.fr,Male,255.183.77.162
831,Roderick,Sindle,rsindlen2@google.cn,Male,26.233.49.11
832,Griffie,Vanyashkin,gvanyashkinn3@altervista.org,Male,160.116.135.233
833,Bekki,Baterip,bbateripn4@jugem.jp,Female,91.69.243.136
834,Lorenza,Willisch,lwillischn5@nasa.gov,Female,163.244.164.247
835,Emilio,Neiland,eneilandn6@51.la,Male,138.248.191.170
836,Sheryl,Wadworth,swadworthn7@npr.org,Female,144.66.53.163
837,Dietrich,Bosward,dboswardn8@umich.edu,Male,96.77.231.185
838,Ludovika,Bozier,lboziern9@wired.com,Female,64.238.156.163
839,Fair,Reeder,freederna@disqus.com,Agender,217.102.104.252
840,Haleigh,Absolon,habsolonnb@bloomberg.com,Male,14.207.111.231
841,Jsandye,Riddich,jriddichnc@gmpg.org,Female,67.77.243.116
842,Cristine,Stoppard,cstoppardnd@google.nl,Female,55.204.200.176
843,Thane,Carles,tcarlesne@ow.ly,Male,240.234.115.214
844,Harlan,Kirgan,hkirgannf@printfriendly.com,Bigender,79.216.116.245
845,Joanie,Ealam,jealamng@blogtalkradio.com,Female,15.33.39.46
846,Darnall,Pantlin,dpantlinnh@hostgator.com,Male,72.223.177.123
847,Rogers,Parzizek,rparzizekni@pen.io,Male,122.117.248.146
848,Brandyn,Dand,bdandnj@youtube.com,Male,107.228.31.134
849,Lurlene,Klassman,lklassmannk@imageshack.us,Female,248.65.185.112
850,Dall,Joris,djorisnl@qq.com,Male,232.170.153.45
851,Willi,Kelby,wkelbynm@bloglovin.com,Male,61.184.182.242
852,Raina,Shoobridge,rshoobridgenn@arizona.edu,Bigender,186.241.233.124
853,Quintus,Copestake,qcopestakeno@apple.com,Male,50.103.0.250
854,Derick,McElrath,dmcelrathnp@cdbaby.com,Male,127.57.83.174
855,Sari,Gile,sgilenq@arstechnica.com,Genderqueer,30.26.225.106
856,Corie,Grimsell,cgrimsellnr@php.net,Female,128.70.229.152
857,Kristel,Gonnet,kgonnetns@taobao.com,Female,188.233.78.128
858,Junie,Ollive,jollivent@biglobe.ne.jp,Female,217.52.181.231
859,Yance,Battram,ybattramnu@technorati.com,Polygender,16.108.152.3
860,Jessey,Dunbavin,jdunbavinnv@pinterest.com,Male,224.15.214.143
861,Blithe,Baly,bbalynw@amazon.de,Female,78.124.156.148
862,Morris,Gaul,mgaulnx@phpbb.com,Male,70.249.163.51
863,Sally,Heberden,sheberdenny@statcounter.com,Female,40.18.90.244
864,Brenden,Millam,bmillamnz@google.cn,Male,136.44.87.104
865,Gwenni,Barnwille,gbarnwilleo0@cnbc.com,Non-binary,83.103.133.49
866,Mamie,Sowerby,msowerbyo1@statcounter.com,Female,0.75.105.66
867,Tirrell,Goom,tgoomo2@1und1.de,Male,233.158.91.65
868,Gabe,Travis,gtraviso3@eepurl.com,Male,229.158.191.210
869,Nolan,Fullwood,nfullwoodo4@disqus.com,Male,44.7.176.18
870,Lotti,Buzek,lbuzeko5@blog.com,Female,50.33.135.15
871,Zared,Ollerhad,zollerhado6@engadget.com,Male,25.71.114.200
872,Alanna,Trappe,atrappeo7@themeforest.net,Non-binary,201.106.220.14
873,Marshal,Edgley,medgleyo8@bbc.co.uk,Male,110.219.175.16
874,Winny,McCrann,wmccranno9@adobe.com,Male,71.120.33.163
875,Una,D'Hooge,udhoogeoa@theatlantic.com,Female,126.17.121.8
876,Leroi,Pach,lpachob@springer.com,Male,137.187.253.185
877,Justin,Mayzes,jmayzesoc@fema.gov,Male,38.221.48.163
878,Court,Mattholie,cmattholieod@ebay.co.uk,Male,217.91.112.4
879,Cheryl,Baskeyfield,cbaskeyfieldoe@nature.com,Female,65.0.180.174
880,Genvieve,Rewcastle,grewcastleof@ox.ac.uk,Female,94.208.2.200
881,Etta,Filipson,efilipsonog@ox.ac.uk,Female,138.11.241.0
882,Cherlyn,Ramelet,crameletoh@samsung.com,Agender,157.82.175.101
883,Alvira,Tremmel,atremmeloi@jimdo.com,Female,222.151.144.162
884,Ebba,Swindell,eswindelloj@friendfeed.com,Female,24.106.51.174
885,Bartlet,Pigny,bpignyok@ucla.edu,Male,56.168.59.50
886,Raynor,Farress,rfarressol@shareasale.com,Male,139.80.127.51
887,Carmine,Von Welldun,cvonwelldunom@smugmug.com,Male,170.245.69.180
888,Kimmie,Feyer,kfeyeron@fema.gov,Female,21.51.151.153
889,Addy,Elby,aelbyoo@cdbaby.com,Male,139.203.21.12
890,Viola,Verey,vvereyop@quantcast.com,Female,141.53.42.12
891,Russ,MacTeggart,rmacteggartoq@ovh.net,Male,127.20.37.52
892,Margit,De Vile,mdevileor@yelp.com,Female,107.95.44.209
893,Phineas,Burgon,pburgonos@google.de,Male,203.126.230.221
894,Durante,Zebedee,dzebedeeot@soundcloud.com,Male,246.10.126.156
895,Reider,Tritten,rtrittenou@salon.com,Non-binary,124.221.133.90
896,Alvy,Bettles,abettlesov@comcast.net,Male,51.114.236.163
897,Jasmine,Bennetto,jbennettoow@elegantthemes.com,Female,177.76.90.240
898,Wald,Hartgill,whartgillox@howstuffworks.com,Male,138.26.42.144
899,Nikolia,Oxbrow,noxbrowoy@wired.com,Female,243.195.72.125
900,Kathryn,Leavens,kleavensoz@sakura.ne.jp,Female,233.211.71.121
901,Adolphus,Bricket,abricketp0@weather.com,Male,197.37.202.60
902,Kali,Dielhenn,kdielhennp1@example.com,Bigender,82.239.128.117
903,Corene,Ambage,cambagep2@oakley.com,Female,6.28.4.69
904,Johnathon,Furmston,jfurmstonp3@drupal.org,Male,199.82.149.133
905,Fiann,Muneely,fmuneelyp4@amazonaws.com,Female,63.102.70.126
906,Faye,Sanbroke,fsanbrokep5@imageshack.us,Female,95.184.58.247
907,Fred,Gilman,fgilmanp6@youtube.com,Male,38.126.225.80
908,Valina,Mellor,vmellorp7@livejournal.com,Female,90.112.86.221
909,Malcolm,Pordal,mpordalp8@va.gov,Male,34.247.102.85
910,Bartholomeus,Roddam,broddamp9@google.cn,Male,174.146.217.65
911,Toinette,Dykins,tdykinspa@soundcloud.com,Female,120.214.127.40
912,Deane,Yanuk,dyanukpb@rakuten.co.jp,Female,225.199.140.110
913,Ashlen,Corkan,acorkanpc@usgs.gov,Female,58.248.248.180
914,Elbertina,Moraleda,emoraledapd@techcrunch.com,Female,47.198.239.153
915,Granville,Bowlands,gbowlandspe@csmonitor.com,Male,82.232.166.228
916,Abigael,Gretton,agrettonpf@irs.gov,Genderfluid,197.87.232.108
917,Sondra,Heggs,sheggspg@unesco.org,Female,178.209.121.84
918,Curry,Goodlake,cgoodlakeph@globo.com,Male,85.48.2.129
919,Kimberlee,O'Shea,kosheapi@wordpress.org,Female,182.95.196.93
920,Pansie,Bielfeld,pbielfeldpj@virginia.edu,Female,140.70.32.211
921,Lena,Rodear,lrodearpk@netvibes.com,Female,108.169.199.205
922,Llywellyn,Mourton,lmourtonpl@upenn.edu,Male,97.158.115.222
923,Spenser,Rimell,srimellpm@acquirethisname.com,Male,36.30.123.162
924,Michel,Blamires,mblamirespn@t-online.de,Male,106.121.36.13
925,Cristi,Calleja,ccallejapo@symantec.com,Female,237.93.191.73
926,Christyna,Cheel,ccheelpp@admin.ch,Female,234.250.94.241
927,Maxie,Flaws,mflawspq@pbs.org,Male,242.92.97.247
928,Denna,Lain,dlainpr@gizmodo.com,Female,235.52.236.225
929,Berny,Mechem,bmechemps@constantcontact.com,Male,22.78.215.139
930,Leese,Willshee,lwillsheept@epa.gov,Female,26.90.215.48
931,Dino,Nussey,dnusseypu@sitemeter.com,Male,162.187.198.223
932,Bobina,Legh,bleghpv@businessinsider.com,Female,33.237.145.21
933,Olympe,Pryor,opryorpw@wikipedia.org,Female,137.172.198.153
934,Karlee,Sustin,ksustinpx@theguardian.com,Female,131.132.154.215
935,Charmaine,Menure,cmenurepy@pbs.org,Female,159.129.43.253
936,Del,Juszczyk,djuszczykpz@sogou.com,Female,23.207.247.191
937,Hedvig,Baterip,hbateripq0@blinklist.com,Female,44.148.202.180
938,Mannie,Scoterbosh,mscoterboshq1@simplemachines.org,Male,123.35.48.170
939,Whitby,Minnis,wminnisq2@omniture.com,Male,175.24.247.5
940,Justinian,Bradneck,jbradneckq3@washington.edu,Male,133.167.134.181
941,Cooper,Geyton,cgeytonq4@uol.com.br,Male,150.137.251.213
942,Anthia,Layfield,alayfieldq5@odnoklassniki.ru,Genderfluid,81.45.219.58
943,Anatol,Delafont,adelafontq6@nps.gov,Male,192.31.191.99
944,Eden,Rooper,erooperq7@pagesperso-orange.fr,Female,61.131.36.163
945,Bartlett,Sebastian,bsebastianq8@salon.com,Agender,156.220.183.248
946,Eustace,D'Alwis,edalwisq9@reference.com,Male,216.155.143.124
947,Kelvin,Treleven,ktrelevenqa@sfgate.com,Genderqueer,12.99.118.78
948,Poppy,Raynham,praynhamqb@fotki.com,Female,182.81.224.187
949,Maxwell,Shovlin,mshovlinqc@blog.com,Male,120.15.239.4
950,Georges,Dunridge,gdunridgeqd@tripod.com,Male,42.180.180.223
951,Anthea,Jouhning,ajouhningqe@reference.com,Female,58.130.163.106
952,Rhonda,Torrese,rtorreseqf@prweb.com,Female,89.118.76.143
953,Noach,Comer,ncomerqg@slate.com,Male,21.117.157.65
954,Cosette,Cotter,ccotterqh@reference.com,Female,113.250.110.253
955,Roseann,McDoual,rmcdoualqi@biblegateway.com,Female,95.247.170.185
956,Ernie,Siddon,esiddonqj@posterous.com,Male,161.79.235.24
957,Ardyth,Bloxam,abloxamqk@senate.gov,Female,125.11.56.183
958,Jarrad,Leathlay,jleathlayql@tinyurl.com,Male,224.103.237.129
959,Dene,Gherardesci,dgherardesciqm@privacy.gov.au,Male,31.72.46.61
960,Reginauld,Evamy,revamyqn@smugmug.com,Male,166.55.189.167
961,Elmira,Masserel,emasserelqo@simplemachines.org,Female,193.35.255.175
962,Gan,Starkings,gstarkingsqp@cpanel.net,Male,142.126.216.105
963,Kareem,Vedeneev,kvedeneevqq@nyu.edu,Male,26.89.125.78
964,Tamqrah,Dran,tdranqr@chicagotribune.com,Female,38.205.247.55
965,Glenn,Bold,gboldqs@un.org,Female,238.249.105.246
966,Rina,Drohan,rdrohanqt@arizona.edu,Female,57.186.36.13
967,Peta,Richmont,prichmontqu@sfgate.com,Female,121.71.171.103
968,Lonna,Stonier,lstonierqv@cnn.com,Female,110.126.65.223
969,Daryl,Petroulis,dpetroulisqw@ebay.com,Female,126.24.69.90
970,Clarence,Witter,cwitterqx@illinois.edu,Male,190.140.141.77
971,Clementius,Eubank,ceubankqy@freewebs.com,Agender,251.214.88.233
972,Pinchas,Bagger,pbaggerqz@google.com.br,Male,237.20.174.121
973,Cora,Goffe,cgoffer0@usa.gov,Female,171.179.31.126
974,Gayel,Finney,gfinneyr1@disqus.com,Genderqueer,42.205.149.214
975,Alex,Fodden,afoddenr2@businessweek.com,Female,87.240.66.207
976,Dorry,Bugbird,dbugbirdr3@wsj.com,Female,101.227.165.57
977,Dyanna,O'Sheeryne,dosheeryner4@creativecommons.org,Female,245.45.58.44
978,Netty,Abrahmovici,nabrahmovicir5@weibo.com,Female,47.68.116.233
979,Charis,Adolphine,cadolphiner6@webnode.com,Female,176.163.192.204
980,Bank,Raccio,braccior7@economist.com,Male,163.173.194.56
981,Suzi,Blackader,sblackaderr8@shareasale.com,Female,197.245.2.137
982,Andriana,Cases,acasesr9@typepad.com,Female,3.8.254.166
983,Vaughan,Dunnan,vdunnanra@miitbeian.gov.cn,Male,152.203.198.173
984,Kenton,Murison,kmurisonrb@imageshack.us,Male,98.173.30.223
985,Zeke,Coweuppe,zcoweupperc@geocities.jp,Male,202.18.224.232
986,Janos,Moorcroft,jmoorcroftrd@biglobe.ne.jp,Male,160.152.13.120
987,Judah,Dudden,jduddenre@hp.com,Male,20.71.202.182
988,Danya,Leggat,dleggatrf@oaic.gov.au,Female,185.62.125.155
989,Mandel,Dudleston,mdudlestonrg@comcast.net,Agender,78.173.85.82
990,Kalila,Dunkerly,kdunkerlyrh@chron.com,Female,80.36.245.109
991,Patrizius,O'Brogan,pobroganri@t-online.de,Male,153.1.204.98
992,Emelina,Wilhelmy,ewilhelmyrj@t-online.de,Genderfluid,223.255.224.30
993,Hernando,Decort,hdecortrk@163.com,Male,185.98.1.139
994,Bobette,Derges,bdergesrl@webs.com,Female,158.206.250.1
995,Clerc,Ambrosi,cambrosirm@imageshack.us,Male,12.66.227.231
996,Roddie,Barfoot,rbarfootrn@imageshack.us,Male,106.150.99.242
997,Silvano,Hunnable,shunnablero@statcounter.com,Male,30.137.190.199
998,Van,Mulryan,vmulryanrp@latimes.com,Male,36.109.37.199
999,Mechelle,Yanukhin,myanukhinrq@latimes.com,Female,11.27.81.71
1000,Reynold,Diem,rdiemrr@mayoclinic.com,Male,247.17.145.32
